{"Stocks": [{"stock_symb": "SBUX", "stock_name": "Starbucks", "date_label": [[2019, 4, 13], [2019, 4, 14], [2019, 4, 15], [2019, 4, 16], [2019, 4, 17], [2019, 4, 18], [2019, 4, 19], [2019, 4, 20], [2019, 4, 21], [2019, 4, 22], [2019, 4, 23], [2019, 4, 24], [2019, 4, 25], [2019, 4, 26], [2019, 4, 27], [2019, 4, 28], [2019, 4, 29], [2019, 4, 30], [2019, 4, 31], [2019, 5, 1], [2019, 5, 2], [2019, 5, 3], [2019, 5, 4], [2019, 5, 5], [2019, 5, 6], [2019, 5, 7], [2019, 5, 8], [2019, 5, 9], [2019, 5, 10], [2019, 5, 11], [2019, 5, 12]], "rf_prediction": [76.27771000000014, 76.27835000000013, 76.27828000000012, 76.27828000000012, 76.27828000000012, 76.27828000000012, 76.27987000000013, 76.27987000000013, 76.27987000000013, 76.27987000000013, 76.27987000000013, 76.28057000000014, 76.28057000000014, 76.28057000000014, 76.28057000000014, 76.28157000000014, 76.28157000000014, 76.28157000000014, 76.28157000000014, 63.714049999999496, 63.71402999999948, 63.772199999999685, 64.17073999999968, 64.24445999999968, 64.3149299999993, 64.57820999999912, 64.6636099999993, 64.69057999999981, 64.72748000000063, 64.78139000000003, 64.90885000000002], "accuracy": 98.3, "open": 76.1, "close": 76.65, "high": 76.95, "low": 76.07, "volatility": 6.35, "average": 59.86, "positive": 9, "negative": 31}, {"stock_symb": "GILD", "stock_name": "Gilead", "date_label": [[2019, 4, 13], [2019, 4, 14], [2019, 4, 15], [2019, 4, 16], [2019, 4, 17], [2019, 4, 18], [2019, 4, 19], [2019, 4, 20], [2019, 4, 21], [2019, 4, 22], [2019, 4, 23], [2019, 4, 24], [2019, 4, 25], [2019, 4, 26], [2019, 4, 27], [2019, 4, 28], [2019, 4, 29], [2019, 4, 30], [2019, 4, 31], [2019, 5, 1], [2019, 5, 2], [2019, 5, 3], [2019, 5, 4], [2019, 5, 5], [2019, 5, 6], [2019, 5, 7], [2019, 5, 8], [2019, 5, 9], [2019, 5, 10], [2019, 5, 11], [2019, 5, 12]], "rf_prediction": [65.79288999999936, 65.75552999999944, 65.8047499999993, 65.81478999999929, 65.84619999999929, 65.84189999999934, 65.82995999999933, 65.83676999999935, 65.70360999999927, 65.69492999999926, 65.6356199999993, 65.41347999999958, 65.40037999999961, 65.44539999999947, 65.43871999999949, 65.40887999999971, 65.55351999999968, 65.55351999999968, 65.55351999999968, 66.21422999999957, 66.21422999999957, 66.61925000000058, 66.78304999999928, 67.13945000000005, 66.96981999999986, 66.95016999999929, 66.86166999999915, 66.37443999999881, 66.88868000000012, 66.36250999999949, 65.72783999999939], "accuracy": 97.66, "open": 66.76, "close": 65.28, "high": 66.84, "low": 65.08, "volatility": 5.19, "average": 72.35, "positive": 20, "negative": 8}, {"stock_symb": "BKNG", "stock_name": "Booking", "date_label": [[2019, 4, 13], [2019, 4, 14], [2019, 4, 15], [2019, 4, 16], [2019, 4, 17], [2019, 4, 18], [2019, 4, 19], [2019, 4, 20], [2019, 4, 21], [2019, 4, 22], [2019, 4, 23], [2019, 4, 24], [2019, 4, 25], [2019, 4, 26], [2019, 4, 27], [2019, 4, 28], [2019, 4, 29], [2019, 4, 30], [2019, 4, 31], [2019, 5, 1], [2019, 5, 2], [2019, 5, 3], [2019, 5, 4], [2019, 5, 5], [2019, 5, 6], [2019, 5, 7], [2019, 5, 8], [2019, 5, 9], [2019, 5, 10], [2019, 5, 11], [2019, 5, 12]], "rf_prediction": [1823.5878800000146, 1822.3975900000146, 1822.3534100000147, 1821.8082600000148, 1821.7067000000156, 1822.0462800000162, 1821.777730000016, 1821.854180000016, 1821.5101800000161, 1820.2506800000165, 1820.2078400000164, 1820.2924800000153, 1820.502090000015, 1820.8891400000155, 1820.6960400000157, 1819.4854000000134, 1819.7529400000137, 1819.7529400000137, 1819.7529400000137, 1765.2708199999893, 1765.2708199999893, 1775.0549899999955, 1777.984630000013, 1772.9673099999861, 1773.9638799999855, 1784.4492399999772, 1790.910179999979, 1794.8781499999805, 1803.7087099999965, 1814.5326500000187, 1824.5875100000153], "accuracy": 96.96, "open": 1827.87, "close": 1833.07, "high": 1848.0, "low": 1827.14, "volatility": 146.36, "average": 1908.74, "positive": 16, "negative": 3}, {"stock_symb": "CHTR", "stock_name": "Charter", "date_label": [[2019, 4, 13], [2019, 4, 14], [2019, 4, 15], [2019, 4, 16], [2019, 4, 17], [2019, 4, 18], [2019, 4, 19], [2019, 4, 20], [2019, 4, 21], [2019, 4, 22], [2019, 4, 23], [2019, 4, 24], [2019, 4, 25], [2019, 4, 26], [2019, 4, 27], [2019, 4, 28], [2019, 4, 29], [2019, 4, 30], [2019, 4, 31], [2019, 5, 1], [2019, 5, 2], [2019, 5, 3], [2019, 5, 4], [2019, 5, 5], [2019, 5, 6], [2019, 5, 7], [2019, 5, 8], [2019, 5, 9], [2019, 5, 10], [2019, 5, 11], [2019, 5, 12]], "rf_prediction": [355.001719999996, 353.41951999999685, 353.0120699999968, 351.96077999999676, 351.7586599999965, 352.7354999999966, 353.32127999999653, 353.79821999999706, 354.31731999999715, 352.90401999999773, 350.9501149999976, 347.9748149999984, 347.84024999999787, 346.80560999999796, 341.49133499999846, 341.2355699999978, 340.5081649999977, 344.13493999999775, 344.45153999999735, 300.36167000000086, 300.9486400000013, 301.10058000000134, 301.6029000000022, 302.8590600000027, 303.5991300000017, 304.5243300000027, 302.91691000000304, 302.5461900000016, 302.99168999999966, 303.0987199999993, 303.11305999999854], "accuracy": 98.66, "open": 355.89, "close": 356.05, "high": 356.95, "low": 354.0, "volatility": 27.44, "average": 319.83, "positive": 20, "negative": 6}, {"stock_symb": "QQQ", "stock_name": "Invesco", "date_label": [[2019, 4, 13], [2019, 4, 14], [2019, 4, 15], [2019, 4, 16], [2019, 4, 17], [2019, 4, 18], [2019, 4, 19], [2019, 4, 20], [2019, 4, 21], [2019, 4, 22], [2019, 4, 23], [2019, 4, 24], [2019, 4, 25], [2019, 4, 26], [2019, 4, 27], [2019, 4, 28], [2019, 4, 29], [2019, 4, 30], [2019, 4, 31], [2019, 5, 1], [2019, 5, 2], [2019, 5, 3], [2019, 5, 4], [2019, 5, 5], [2019, 5, 6], [2019, 5, 7], [2019, 5, 8], [2019, 5, 9], [2019, 5, 10], [2019, 5, 11], [2019, 5, 12]], "rf_prediction": [185.52404999999806, 185.51432999999807, 185.5135199999981, 185.5135199999981, 185.5178999999981, 185.5199999999981, 185.5242199999981, 185.5242199999981, 185.53829999999812, 185.5182499999981, 185.5182499999981, 185.51688999999809, 185.51737999999813, 185.51903999999809, 185.51912999999809, 185.5189599999981, 185.52435999999813, 185.52435999999813, 185.52435999999813, 182.70001000000005, 182.70001000000005, 183.67302999999936, 183.7554399999997, 184.3124100000016, 184.41353000000186, 184.88065000000245, 184.93503000000223, 184.7170200000021, 185.1570100000012, 185.17632999999935, 185.5371299999981], "accuracy": 98.72, "open": 185.86, "close": 185.83, "high": 185.95, "low": 185.0601, "volatility": 9.61, "average": 168.8, "positive": 42, "negative": 11}, {"stock_symb": "MDLZ", "stock_name": "Mondelez", "date_label": [[2019, 4, 13], [2019, 4, 14], [2019, 4, 15], [2019, 4, 16], [2019, 4, 17], [2019, 4, 18], [2019, 4, 19], [2019, 4, 20], [2019, 4, 21], [2019, 4, 22], [2019, 4, 23], [2019, 4, 24], [2019, 4, 25], [2019, 4, 26], [2019, 4, 27], [2019, 4, 28], [2019, 4, 29], [2019, 4, 30], [2019, 4, 31], [2019, 5, 1], [2019, 5, 2], [2019, 5, 3], [2019, 5, 4], [2019, 5, 5], [2019, 5, 6], [2019, 5, 7], [2019, 5, 8], [2019, 5, 9], [2019, 5, 10], [2019, 5, 11], [2019, 5, 12]], "rf_prediction": [49.713510000000134, 49.71009000000013, 49.71239000000015, 49.71084000000014, 49.712840000000135, 49.718850000000124, 49.718330000000115, 49.71845000000012, 49.72458000000011, 49.726310000000105, 49.72646000000011, 49.73110000000011, 49.74628000000017, 49.747880000000166, 49.747880000000166, 49.737250000000095, 49.751630000000084, 49.751630000000084, 49.751630000000084, 49.64968000000056, 49.64968000000056, 49.6689000000008, 49.635870000000835, 49.63598000000049, 49.630640000000454, 49.599930000000356, 49.60676000000016, 49.63824999999974, 49.68078999999942, 49.68039999999923, 49.73762000000014], "accuracy": 98.97, "open": 49.71, "close": 49.79, "high": 49.8501, "low": 49.59, "volatility": 2.52, "average": 43.06, "positive": 15, "negative": 1}, {"stock_symb": "ADP", "stock_name": "Automatic",