{"Stocks": [{"stock_symb": "MU", "stock_name": "Micron", "date_label": [[2019, 4, 13], [2019, 4, 14], [2019, 4, 15], [2019, 4, 16], [2019, 4, 17], [2019, 4, 18], [2019, 4, 19], [2019, 4, 20], [2019, 4, 21], [2019, 4, 22], [2019, 4, 23], [2019, 4, 24], [2019, 4, 25], [2019, 4, 26], [2019, 4, 27], [2019, 4, 28], [2019, 4, 29], [2019, 4, 30], [2019, 4, 31], [2019, 5, 1], [2019, 5, 2], [2019, 5, 3], [2019, 5, 4], [2019, 5, 5], [2019, 5, 6], [2019, 5, 7], [2019, 5, 8], [2019, 5, 9], [2019, 5, 10], [2019, 5, 11], [2019, 5, 12]], "rf_prediction": [42.078199999999725, 42.05635999999974, 42.03792999999974, 42.03792999999974, 42.04455999999974, 42.07730999999973, 42.081759999999726, 42.12268999999973, 42.205559999999764, 42.192399999999765, 42.192579999999765, 42.06942999999975, 42.05278999999974, 42.008919999999726, 41.97949999999973, 41.96303999999973, 42.007739999999785, 42.007739999999785, 42.007739999999785, 42.740380000000144, 42.740380000000144, 43.4926700000004, 43.1459999999999, 43.24807999999984, 43.17633999999985, 42.90042000000047, 42.56440000000053, 42.06141000000045, 42.12840999999941, 42.24916999999942, 42.11701999999972], "accuracy": 97.0, "open": 42.85, "close": 42.01, "high": 43.195, "low": 41.805, "volatility": 7.45, "average": 45.56, "positive": 10, "negative": 13}, {"stock_symb": "TSLA", "stock_name": "Tesla,", "date_label": [[2019, 4, 13], [2019, 4, 14], [2019, 4, 15], [2019, 4, 16], [2019, 4, 17], [2019, 4, 18], [2019, 4, 19], [2019, 4, 20], [2019, 4, 21], [2019, 4, 22], [2019, 4, 23], [2019, 4, 24], [2019, 4, 25], [2019, 4, 26], [2019, 4, 27], [2019, 4, 28], [2019, 4, 29], [2019, 4, 30], [2019, 4, 31], [2019, 5, 1], [2019, 5, 2], [2019, 5, 3], [2019, 5, 4], [2019, 5, 5], [2019, 5, 6], [2019, 5, 7], [2019, 5, 8], [2019, 5, 9], [2019, 5, 10], [2019, 5, 11], [2019, 5, 12]], "rf_prediction": [273.42404000000334, 274.40363000000303, 274.166550000003, 273.1276900000023, 269.246140000001, 269.061950000001, 268.4848900000021, 270.52281000000306, 271.07445000000087, 267.51761000000107, 267.02318000000116, 264.6708300000038, 265.4439900000035, 266.05986000000337, 272.46209999999957, 274.5968799999993, 275.3807899999982, 275.3807899999982, 275.3807899999982, 288.85680999999727, 286.8762700000008, 288.56044999999943, 275.53098999999963, 274.44066999999933, 274.30267999999927, 274.51229000000245, 273.9045600000028, 273.3163599999998, 275.21010999999885, 272.5520100000034, 270.8655700000044], "accuracy": 97.55, "open": 270.22, "close": 267.7, "high": 271.95, "low": 266.83, "volatility": 27.34, "average": 313.41, "positive": 29, "negative": 22}, {"stock_symb": "BIIB", "stock_name": "Biogen", "date_label": [[2019, 4, 13], [2019, 4, 14], [2019, 4, 15], [2019, 4, 16], [2019, 4, 17], [2019, 4, 18], [2019, 4, 19], [2019, 4, 20], [2019, 4, 21], [2019, 4, 22], [2019, 4, 23], [2019, 4, 24], [2019, 4, 25], [2019, 4, 26], [2019, 4, 27], [2019, 4, 28], [2019, 4, 29], [2019, 4, 30], [2019, 4, 31], [2019, 5, 1], [2019, 5, 2], [2019, 5, 3], [2019, 5, 4], [2019, 5, 5], [2019, 5, 6], [2019, 5, 7], [2019, 5, 8], [2019, 5, 9], [2019, 5, 10], [2019, 5, 11], [2019, 5, 12]], "rf_prediction": [236.2840899999985, 236.38169999999852, 236.45029999999852, 236.60049999999862, 236.56064999999862, 236.33195999999867, 236.1941599999988, 235.49803999999898, 233.85748999999927, 233.84324999999924, 233.44270999999938, 232.55555999999936, 231.69780999999952, 233.7234299999997, 234.22481999999977, 234.48130000000015, 235.04089999999985, 235.04089999999985, 235.04089999999985, 239.13152999999775, 235.84075999999763, 234.21559999999798, 236.0696300000003, 240.6898000000005, 241.13895000000062, 241.1761599999981, 240.59301999999707, 239.46348999999614, 240.50112999999786, 237.52090999999663, 236.90162999999868], "accuracy": 97.6, "open": 235.0, "close": 234.5, "high": 236.79, "low": 233.61, "volatility": 31.16, "average": 312.2, "positive": 17, "negative": 9}, {"stock_symb": "MAR", "stock_name": "Marriott", "date_label": [[2019, 4, 13], [2019, 4, 14], [2019, 4, 15], [2019, 4, 16], [2019, 4, 17], [2019, 4, 18], [2019, 4, 19], [2019, 4, 20], [2019, 4, 21], [2019, 4, 22], [2019, 4, 23], [2019, 4, 24], [2019, 4, 25], [2019, 4, 26], [2019, 4, 27], [2019, 4, 28], [2019, 4, 29], [2019, 4, 30], [2019, 4, 31], [2019, 5, 1], [2019, 5, 2], [2019, 5, 3], [2019, 5, 4], [2019, 5, 5], [2019, 5, 6], [2019, 5, 7], [2019, 5, 8], [2019, 5, 9], [2019, 5, 10], [2019, 5, 11], [2019, 5, 12]], "rf_prediction": [134.07116999999832, 134.07116999999832, 134.07116999999832, 134.07116999999832, 134.07116999999832, 134.0620099999983, 134.0620099999983, 134.0620099999983, 134.06131999999832, 134.06131999999832, 134.06131999999832, 134.05991999999833, 134.05991999999833, 134.05981999999833, 134.05981999999833, 134.05981999999833, 134.05981999999833, 134.05981999999833, 134.05981999999833, 129.1337399999979, 129.1337399999979, 131.52306999999772, 132.12217999999797, 133.35610999999835, 133.5789699999986, 134.37864000000096, 134.12055000000097, 133.191329999999, 132.8531099999995, 133.24526999999972, 134.07116999999832], "accuracy": 98.43, "open": 133.49, "close": 134.65, "high": 134.74, "low": 133.26, "volatility": 10.41, "average": 127.34, "positive": 35, "negative": 7}, {"stock_symb": "AABA", "stock_name": "Altaba", "date_label": [[2019, 4, 13], [2019, 4, 14], [2019, 4, 15], [2019, 4, 16], [2019, 4, 17], [2019, 4, 18], [2019, 4, 19], [2019, 4, 20], [2019, 4, 21], [2019, 4, 22], [2019, 4, 23], [2019, 4, 24], [2019, 4, 25], [2019, 4, 26], [2019, 4, 27], [2019, 4, 28], [2019, 4, 29], [2019, 4, 30], [2019, 4, 31], [2019, 5, 1], [2019, 5, 2], [2019, 5, 3], [2019, 5, 4], [2019, 5, 5], [2019, 5, 6], [2019, 5, 7], [2019, 5, 8], [2019, 5, 9], [2019, 5, 10], [2019, 5, 11], [2019, 5, 12]], "rf_prediction": [75.33166999999925, 75.02009999999967, 75.0514699999994, 75.03442999999938, 75.05415999999921, 75.11240999999907, 75.10856999999916, 75.08321999999916, 74.99620999999951, 74.99396999999952, 74.78455999999964, 74.3183499999995, 74.26809999999948, 74.22588999999924, 74.20689999999918, 74.32277999999934, 74.69363999999953, 74.69363999999953, 74.69363999999953, 73.50089999999975, 73.50089999999975, 72.98699000000003, 73.21482999999984, 73.91612000000002, 74.07501999999998, 74.36321000000011, 74.58443000000021, 75.22726000000027, 75.37180999999957, 75.10876999999877, 75.96325999999912], "accuracy": 97.53, "open": 75.6, "close": 76.68, "high": 77.03, "low": 75.6, "volatility": 5.81, "average": 70.4, "positive": 19, "negative": 16}, {"stock_symb": "WDAY", "stock_name": "Workday,", "date_label": [[2019, 4, 13], [2019, 4, 14], [2019, 4, 15], [2019, 4, 16], [2019, 4, 17], [2019, 4, 18], [2019, 4, 19], [2019, 4, 20], [2019, 4, 21], [2019, 4, 22], [2019, 4, 23], [2019, 4, 24], [2019, 4, 25], [2019, 4, 26], [2019, 4, 27], [2019, 4, 28], [2019, 4, 29], [2019, 4, 30], [2019, 4, 31], [2019, 5, 1], [2019, 5, 2], [2019, 5, 3], [2019, 5, 4], [2019, 5, 5], [2019, 5, 6], [2019, 5, 7], [2019, 5, 8], [2019, 5, 9], [2019, 5, 10], [2019, 5, 11], [2019, 5, 12]], "rf_prediction": [194.57017999999968, 194.58269999999965, 194.55361999999977, 194.55659999999978, 194.56294999999977, 194.4226099999997, 194.0188699999993, 194.13647999999927, 196.0723999999982, 195.2353099999989, 195.13983999999914, 192.9276300000012, 192.7509400000013, 193.19789000000208, 191.98577999999878, 192.2980200000003, 193.23913000000167, 193.23913000000167, 193.23913000000167, 192.71485999999973, 193.14848999999927, 192.65085999999982, 187.3652400000005, 186.81054000000026, 186.32723999999985, 186.9165499999976, 187.60693999999722, 189.95438999999774, 193.63871000000088, 194.9977499999988, 194.96738999999948], "accuracy": 98.38, "open": 196.5, "close": 195.75, "high": 197.4, "low": 193.828, "volatility": 25.78, "average": 139.62, "positive": 21, "negative": 13}, {"stock_symb": "CTSH", "stock_name": "Cognizant",