{"Stocks": [{"stock_symb": "REGN", "stock_name": "Regeneron", "date_label": [[2019, 4, 13], [2019, 4, 14], [2019, 4, 15], [2019, 4, 16], [2019, 4, 17], [2019, 4, 18], [2019, 4, 19], [2019, 4, 20], [2019, 4, 21], [2019, 4, 22], [2019, 4, 23], [2019, 4, 24], [2019, 4, 25], [2019, 4, 26], [2019, 4, 27], [2019, 4, 28], [2019, 4, 29], [2019, 4, 30], [2019, 4, 31], [2019, 5, 1], [2019, 5, 2], [2019, 5, 3], [2019, 5, 4], [2019, 5, 5], [2019, 5, 6], [2019, 5, 7], [2019, 5, 8], [2019, 5, 9], [2019, 5, 10], [2019, 5, 11], [2019, 5, 12]], "rf_prediction": [391.2978400000011, 391.6982100000004, 392.96745999999905, 392.926389999999, 393.11117999999885, 392.38449999999904, 391.8750099999997, 391.83335999999974, 390.9979500000011, 390.9479200000011, 390.4948400000014, 389.87032000000033, 389.9921100000003, 391.4300299999999, 393.7881800000003, 393.9921200000004, 394.7501099999999, 394.89883999999984, 395.64425000000006, 412.74359999999655, 412.74359999999655, 407.7612300000019, 407.3986600000058, 409.01798000000355, 408.85187000000343, 404.0129500000034, 400.5319800000028, 397.73310999999904, 403.76466999999684, 396.6818899999972, 389.31566000000043], "accuracy": 96.59, "open": 393.17, "close": 382.94, "high": 394.5, "low": 381.175, "volatility": 36.11, "average": 367.13, "positive": 28, "negative": 15}, {"stock_symb": "AMAT", "stock_name": "Applied", "date_label": [[2019, 4, 13], [2019, 4, 14], [2019, 4, 15], [2019, 4, 16], [2019, 4, 17], [2019, 4, 18], [2019, 4, 19], [2019, 4, 20], [2019, 4, 21], [2019, 4, 22], [2019, 4, 23], [2019, 4, 24], [2019, 4, 25], [2019, 4, 26], [2019, 4, 27], [2019, 4, 28], [2019, 4, 29], [2019, 4, 30], [2019, 4, 31], [2019, 5, 1], [2019, 5, 2], [2019, 5, 3], [2019, 5, 4], [2019, 5, 5], [2019, 5, 6], [2019, 5, 7], [2019, 5, 8], [2019, 5, 9], [2019, 5, 10], [2019, 5, 11], [2019, 5, 12]], "rf_prediction": [42.75925000000007, 42.75925000000007, 42.75925000000007, 42.75925000000007, 42.75925000000007, 42.75925000000007, 42.75925000000007, 42.75925000000007, 42.75925000000007, 42.75569000000007, 42.75569000000007, 42.749030000000076, 42.74900000000008, 42.749230000000075, 42.74861000000007, 42.74834000000008, 42.74949000000008, 42.74949000000008, 42.74891000000007, 41.65380999999988, 41.65445999999987, 42.3940300000002, 42.57260000000024, 42.86018000000052, 42.894230000000455, 42.85321999999952, 42.63680999999927, 42.25276999999967, 42.19313999999936, 42.435230000000104, 42.75925000000007], "accuracy": 97.84, "open": 43.0, "close": 42.99, "high": 43.36, "low": 42.77, "volatility": 8.53, "average": 45.75, "positive": 37, "negative": 1}, {"stock_symb": "KHC", "stock_name": "The", "date_label": [[2019, 4, 13], [2019, 4, 14], [2019, 4, 15], [2019, 4, 16], [2019, 4, 17], [2019, 4, 18], [2019, 4, 19], [2019, 4, 20], [2019, 4, 21], [2019, 4, 22], [2019, 4, 23], [2019, 4, 24], [2019, 4, 25], [2019, 4, 26], [2019, 4, 27], [2019, 4, 28], [2019, 4, 29], [2019, 4, 30], [2019, 4, 31], [2019, 5, 1], [2019, 5, 2], [2019, 5, 3], [2019, 5, 4], [2019, 5, 5], [2019, 5, 6], [2019, 5, 7], [2019, 5, 8], [2019, 5, 9], [2019, 5, 10], [2019, 5, 11], [2019, 5, 12]], "rf_prediction": [32.77903999999989, 32.573689999999914, 32.59808000000004, 32.58430000000004, 32.58672999999993, 32.594469999999944, 32.61889000000009, 32.6114200000002, 32.788130000000116, 32.719630000000244, 32.735740000000234, 32.771680000000124, 32.81762000000011, 32.90324000000025, 32.85695999999996, 32.91547999999987, 32.91547999999987, 32.91547999999987, 32.91547999999987, 32.397310000000196, 32.2351900000005, 32.27382000000012, 32.57761999999969, 32.74280999999983, 32.81700999999975, 32.900759999999806, 33.04059999999979, 32.971120000000205, 32.949190000000435, 32.94773000000037, 32.97705000000002], "accuracy": 98.81, "open": 33.12, "close": 33.07, "high": 33.32, "low": 32.91, "volatility": 13.32, "average": 58.6, "positive": 11, "negative": 5}, {"stock_symb": "EQIX", "stock_name": "Equinix,", "date_label": [[2019, 4, 13], [2019, 4, 14], [2019, 4, 15], [2019, 4, 16], [2019, 4, 17], [2019, 4, 18], [2019, 4, 19], [2019, 4, 20], [2019, 4, 21], [2019, 4, 22], [2019, 4, 23], [2019, 4, 24], [2019, 4, 25], [2019, 4, 26], [2019, 4, 27], [2019, 4, 28], [2019, 4, 29], [2019, 4, 30], [2019, 4, 31], [2019, 5, 1], [2019, 5, 2], [2019, 5, 3], [2019, 5, 4], [2019, 5, 5], [2019, 5, 6], [2019, 5, 7], [2019, 5, 8], [2019, 5, 9], [2019, 5, 10], [2019, 5, 11], [2019, 5, 12]], "rf_prediction": [461.7411600000019, 461.7044900000019, 461.5834100000018, 461.4746600000018, 461.4708300000017, 461.4089000000018, 461.53137000000174, 461.50726000000174, 461.88473000000187, 461.5634800000018, 461.31495000000183, 461.28296000000194, 461.358200000002, 461.4199900000021, 461.4368600000021, 461.38867000000204, 461.2874300000015, 460.98158000000143, 461.0444100000017, 439.8034799999981, 439.7903899999981, 441.9799800000033, 442.68377000000237, 444.7746999999996, 443.1519199999969, 441.6188299999938, 440.321249999996, 439.51027999999593, 441.4293000000008, 441.781440000001, 442.7051800000028], "accuracy": 97.28, "open": 457.82, "close": 463.38, "high": 464.0, "low": 453.72, "volatility": 30.97, "average": 419.41, "positive": 9, "negative": 15}, {"stock_symb": "BND", "stock_name": "Vanguard", "date_label": [[2019, 4, 13], [2019, 4, 14], [2019, 4, 15], [2019, 4, 16], [2019, 4, 17], [2019, 4, 18], [2019, 4, 19], [2019, 4, 20], [2019, 4, 21], [2019, 4, 22], [2019, 4, 23], [2019, 4, 24], [2019, 4, 25], [2019, 4, 26], [2019, 4, 27], [2019, 4, 28], [2019, 4, 29], [2019, 4, 30], [2019, 4, 31], [2019, 5, 1], [2019, 5, 2], [2019, 5, 3], [2019, 5, 4], [2019, 5, 5], [2019, 5, 6], [2019, 5, 7], [2019, 5, 8], [2019, 5, 9], [2019, 5, 10], [2019, 5, 11], [2019, 5, 12]], "rf_prediction": [80.6358000000002, 80.6333400000002, 80.63278000000015, 80.62365000000018, 80.61832000000018, 80.58823000000046, 80.5594900000004, 80.5554500000004, 80.53703000000036, 80.5423299999999, 80.48851999999987, 80.4839099999997, 80.4956400000004, 80.53096000000056, 80.54406000000054, 80.61053000000024, 80.65663999999988, 80.63954999999987, 80.61819999999986, 78.80817999999952, 78.80124999999957, 78.79944999999958, 78.85178999999945, 78.86296999999935, 78.84350999999866, 78.8296499999985, 78.80480999999894, 78.80637999999928, 78.82899999999977, 78.82719999999992, 78.80409000000036], "accuracy": 99.8, "open": 80.67, "close": 80.59, "high": 80.69, "low": 80.58, "volatility": 1.1, "average": 79.55, "positive": 11, "negative": 8}]}