{"Stocks": [{"stock_symb": "FB", "stock_name": "Facebook,", "date_label": [[2019, 4, 13], [2019, 4, 14], [2019, 4, 15], [2019, 4, 16], [2019, 4, 17], [2019, 4, 18], [2019, 4, 19], [2019, 4, 20], [2019, 4, 21], [2019, 4, 22], [2019, 4, 23], [2019, 4, 24], [2019, 4, 25], [2019, 4, 26], [2019, 4, 27], [2019, 4, 28], [2019, 4, 29], [2019, 4, 30], [2019, 4, 31], [2019, 5, 1], [2019, 5, 2], [2019, 5, 3], [2019, 5, 4], [2019, 5, 5], [2019, 5, 6], [2019, 5, 7], [2019, 5, 8], [2019, 5, 9], [2019, 5, 10], [2019, 5, 11], [2019, 5, 12]], "rf_prediction": [175.84964000000213, 173.41662000000196, 169.51715000000172, 169.3840600000017, 166.42989000000154, 165.9442100000019, 166.35515000000302, 168.35390000000217, 168.79899000000046, 168.8746600000006, 169.12888000000018, 169.7389999999995, 169.76524999999953, 170.16802999999874, 169.59163999999893, 169.20562999999996, 169.6548000000011, 169.6683300000011, 169.6681000000011, 172.18698000000143, 173.81498000000153, 174.48293000000078, 175.65091999999905, 175.89214, 176.14617000000024, 176.00984999999852, 176.47642999999854, 178.081159999999, 179.27461000000153, 179.3353300000014, 179.46715000000202], "accuracy": 98.33, "open": 178.0, "close": 179.1, "high": 179.63, "low": 177.95, "volatility": 18.09, "average": 170.35, "positive": 63, "negative": 2}, {"stock_symb": "INTC", "stock_name": "Intel", "date_label": [[2019, 4, 13], [2019, 4, 14], [2019, 4, 15], [2019, 4, 16], [2019, 4, 17], [2019, 4, 18], [2019, 4, 19], [2019, 4, 20], [2019, 4, 21], [2019, 4, 22], [2019, 4, 23], [2019, 4, 24], [2019, 4, 25], [2019, 4, 26], [2019, 4, 27], [2019, 4, 28], [2019, 4, 29], [2019, 4, 30], [2019, 4, 31], [2019, 5, 1], [2019, 5, 2], [2019, 5, 3], [2019, 5, 4], [2019, 5, 5], [2019, 5, 6], [2019, 5, 7], [2019, 5, 8], [2019, 5, 9], [2019, 5, 10], [2019, 5, 11], [2019, 5, 12]], "rf_prediction": [56.13775999999945, 56.132749999999454, 56.12600999999946, 56.024739999999476, 56.02461999999947, 56.01966999999946, 56.00249999999944, 55.982899999999425, 55.98679999999943, 55.96042999999943, 55.92476999999942, 55.87154999999943, 55.80021999999945, 55.825639999999545, 55.69357999999959, 55.60097999999954, 55.67932999999949, 55.67932999999949, 55.57740999999949, 54.784040000000324, 54.776830000000324, 55.25925000000031, 55.54637999999941, 55.45287999999923, 55.471759999999335, 55.44262, 55.42956000000006, 55.31866999999988, 55.57704000000005, 55.71152000000036, 56.03654999999942], "accuracy": 98.14, "open": 56.21, "close": 56.42, "high": 56.49, "low": 55.84, "volatility": 3.53, "average": 49.08, "positive": 5, "negative": 4}, {"stock_symb": "CSCO", "stock_name": "Cisco", "date_label": [[2019, 4, 13], [2019, 4, 14], [2019, 4, 15], [2019, 4, 16], [2019, 4, 17], [2019, 4, 18], [2019, 4, 19], [2019, 4, 20], [2019, 4, 21], [2019, 4, 22], [2019, 4, 23], [2019, 4, 24], [2019, 4, 25], [2019, 4, 26], [2019, 4, 27], [2019, 4, 28], [2019, 4, 29], [2019, 4, 30], [2019, 4, 31], [2019, 5, 1], [2019, 5, 2], [2019, 5, 3], [2019, 5, 4], [2019, 5, 5], [2019, 5, 6], [2019, 5, 7], [2019, 5, 8], [2019, 5, 9], [2019, 5, 10], [2019, 5, 11], [2019, 5, 12]], "rf_prediction": [55.999010000000204, 55.9963600000002, 55.99927000000021, 55.99698000000021, 55.99869000000021, 56.000330000000204, 56.0018100000002, 56.0018000000002, 56.00369000000021, 56.00369000000021, 56.00187000000022, 55.99661000000021, 55.99729000000021, 55.99979000000021, 55.99979000000021, 56.002980000000214, 56.006130000000205, 56.006130000000205, 56.006130000000205, 55.16024000000043, 55.16024000000043, 55.44340999999939, 55.261299999999466, 55.23067999999935, 55.222969999999364, 55.37780999999958, 55.424239999999756, 55.317370000000025, 55.63282999999981, 55.674819999999414, 56.0056200000002], "accuracy": 98.2, "open": 55.93, "close": 56.29, "high": 56.355, "low": 55.79, "volatility": 4.41, "average": 44.39, "positive": 33, "negative": 11}, {"stock_symb": "CMCSA", "stock_name": "Comcast", "date_label": [[2019, 4, 13], [2019, 4, 14], [2019, 4, 15], [2019, 4, 16], [2019, 4, 17], [2019, 4, 18], [2019, 4, 19], [2019, 4, 20], [2019, 4, 21], [2019, 4, 22], [2019, 4, 23], [2019, 4, 24], [2019, 4, 25], [2019, 4, 26], [2019, 4, 27], [2019, 4, 28], [2019, 4, 29], [2019, 4, 30], [2019, 4, 31], [2019, 5, 1], [2019, 5, 2], [2019, 5, 3], [2019, 5, 4], [2019, 5, 5], [2019, 5, 6], [2019, 5, 7], [2019, 5, 8], [2019, 5, 9], [2019, 5, 10], [2019, 5, 11], [2019, 5, 12]], "rf_prediction": [41.18848000000037, 41.18845000000037, 41.19116000000037, 41.19116000000037, 41.19107000000038, 41.18780000000037, 41.18780000000037, 41.18780000000037, 41.18834000000037, 41.18829000000038, 41.18634000000038, 41.184180000000374, 41.184180000000374, 41.18643000000037, 41.18643000000037, 41.190380000000374, 41.18906000000037, 41.18906000000037, 41.18906000000037, 40.31937999999998, 40.31937999999998, 40.31919999999994, 40.38034000000014, 40.41009999999945, 40.439079999999436, 40.651059999999404, 40.80680999999978, 40.96728000000039, 41.05308000000085, 41.0607200000007, 41.19100000000037], "accuracy": 98.33, "open": 41.07, "close": 41.3, "high": 41.33, "low": 40.945, "volatility": 2.8, "average": 36.46, "positive": 23, "negative": 14}, {"stock_symb": "PEP", "stock_name": "Pepsico,", "date_label": [[2019, 4, 13], [2019, 4, 14], [2019, 4, 15], [2019, 4, 16], [2019, 4, 17], [2019, 4, 18], [2019, 4, 19], [2019, 4, 20], [2019, 4, 21], [2019, 4, 22], [2019, 4, 23], [2019, 4, 24], [2019, 4, 25], [2019, 4, 26], [2019, 4, 27], [2019, 4, 28], [2019, 4, 29], [2019, 4, 30], [2019, 4, 31], [2019, 5, 1], [2019, 5, 2], [2019, 5, 3], [2019, 5, 4], [2019, 5, 5], [2019, 5, 6], [2019, 5, 7], [2019, 5, 8], [2019, 5, 9], [2019, 5, 10], [2019, 5, 11], [2019, 5, 12]], "rf_prediction": [122.01505999999867, 121.99727999999867, 121.99683999999867, 121.96599999999867, 121.97012999999868, 121.97700999999869, 121.96544999999868, 121.96876999999868, 121.95965999999872, 121.95965999999872, 121.96177999999878, 121.93154999999886, 121.91565999999887, 121.97232999999883, 121.96460999999877, 121.96138999999862, 122.05185999999894, 122.06737999999893, 122.06819999999894, 121.47198999999976, 121.47198999999976, 121.23737999999932, 121.19089000000022, 121.25014999999918, 121.26782999999918, 121.54042999999946, 121.65200999999932, 121.7352599999987, 121.68358999999793, 121.46287999999834, 121.69350999999867], "accuracy": 99.01, "open": 121.53, "close": 122.23, "high": 122.33, "low": 121.15, "volatility": 5.82, "average": 112.14, "positive": 9, "negative": 8}]}