{"Stocks": [{"stock_symb": "AAPL", "stock_name": "Apple", "date_label": [[2019, 4, 13], [2019, 4, 14], [2019, 4, 15], [2019, 4, 16], [2019, 4, 17], [2019, 4, 18], [2019, 4, 19], [2019, 4, 20], [2019, 4, 21], [2019, 4, 22], [2019, 4, 23], [2019, 4, 24], [2019, 4, 25], [2019, 4, 26], [2019, 4, 27], [2019, 4, 28], [2019, 4, 29], [2019, 4, 30], [2019, 4, 31], [2019, 5, 1], [2019, 5, 2], [2019, 5, 3], [2019, 5, 4], [2019, 5, 5], [2019, 5, 6], [2019, 5, 7], [2019, 5, 8], [2019, 5, 9], [2019, 5, 10], [2019, 5, 11], [2019, 5, 12]], "rf_prediction": [198.92466999999868, 198.9160899999987, 198.92803999999867, 198.91561999999865, 198.92121999999867, 198.92244999999866, 198.94038999999867, 198.80810999999866, 198.82522999999867, 198.82522999999867, 198.8136499999987, 198.7523199999987, 198.7585799999987, 198.7473499999987, 198.74086999999872, 198.75804999999872, 198.76173999999872, 198.76173999999872, 198.76173999999872, 186.15455000000043, 186.14020000000045, 186.64464000000157, 188.53310000000005, 189.27575999999956, 190.1238500000009, 191.22789000000174, 191.8241500000005, 192.09710999999976, 193.7108699999992, 192.96093999999934, 192.87064999999828], "accuracy": 97.87, "open": 199.2, "close": 198.87, "high": 200.14, "low": 196.21, "volatility": 19.89, "average": 184.07, "positive": 45, "negative": 0}, {"stock_symb": "MSFT", "stock_name": "Microsoft", "date_label": [[2019, 4, 13], [2019, 4, 14], [2019, 4, 15], [2019, 4, 16], [2019, 4, 17], [2019, 4, 18], [2019, 4, 19], [2019, 4, 20], [2019, 4, 21], [2019, 4, 22], [2019, 4, 23], [2019, 4, 24], [2019, 4, 25], [2019, 4, 26], [2019, 4, 27], [2019, 4, 28], [2019, 4, 29], [2019, 4, 30], [2019, 4, 31], [2019, 5, 1], [2019, 5, 2], [2019, 5, 3], [2019, 5, 4], [2019, 5, 5], [2019, 5, 6], [2019, 5, 7], [2019, 5, 8], [2019, 5, 9], [2019, 5, 10], [2019, 5, 11], [2019, 5, 12]], "rf_prediction": [120.59731999999921, 120.58495999999921, 120.59701999999925, 120.59106999999923, 120.60033999999924, 120.60983999999921, 120.61370999999922, 120.61677999999922, 120.64165999999926, 120.64165999999926, 120.64194999999927, 120.60868999999929, 120.60539999999928, 120.60864999999929, 120.60718999999928, 120.59456999999921, 120.60567999999925, 120.60567999999925, 120.60567999999925, 119.2201100000009, 119.2201100000009, 119.67918000000077, 119.47984000000051, 119.7017799999998, 119.7032099999996, 119.78787999999805, 119.7930399999981, 119.55235999999891, 119.9844100000008, 120.2900800000011, 120.63102999999923], "accuracy": 98.54, "open": 120.64, "close": 120.95, "high": 120.98, "low": 120.37, "volatility": 10.08, "average": 100.96, "positive": 20, "negative": 1}, {"stock_symb": "AMZN", "stock_name": "Amazon.com,", "date_label": [[2019, 4, 13], [2019, 4, 14], [2019, 4, 15], [2019, 4, 16], [2019, 4, 17], [2019, 4, 18], [2019, 4, 19], [2019, 4, 20], [2019, 4, 21], [2019, 4, 22], [2019, 4, 23], [2019, 4, 24], [2019, 4, 25], [2019, 4, 26], [2019, 4, 27], [2019, 4, 28], [2019, 4, 29], [2019, 4, 30], [2019, 4, 31], [2019, 5, 1], [2019, 5, 2], [2019, 5, 3], [2019, 5, 4], [2019, 5, 5], [2019, 5, 6], [2019, 5, 7], [2019, 5, 8], [2019, 5, 9], [2019, 5, 10], [2019, 5, 11], [2019, 5, 12]], "rf_prediction": [1842.7335800000308, 1842.5471800000305, 1842.6517400000307, 1842.6236700000306, 1842.6993000000307, 1842.7655500000308, 1842.872450000031, 1842.872450000031, 1842.9872700000308, 1842.9872700000308, 1843.0464100000306, 1842.8664100000306, 1842.8664100000306, 1842.9234100000306, 1842.9234100000306, 1842.8678600000303, 1842.8898500000305, 1842.8898500000305, 1842.8898500000305, 1817.1346299999725, 1817.1346299999725, 1820.5994199999884, 1821.115800000017, 1831.3984900000212, 1833.103350000025, 1843.8062700000328, 1844.9567600000335, 1839.7228800000305, 1843.8837800000235, 1844.0525200000193, 1843.0189000000307], "accuracy": 97.31, "open": 1848.4, "close": 1843.06, "high": 1851.5, "low": 1841.3, "volatility": 232.47, "average": 1594.34, "positive": 32, "negative": 0}, {"stock_symb": "GOOG", "stock_name": "Alphabet", "date_label": [[2019, 4, 13], [2019, 4, 14], [2019, 4, 15], [2019, 4, 16], [2019, 4, 17], [2019, 4, 18], [2019, 4, 19], [2019, 4, 20], [2019, 4, 21], [2019, 4, 22], [2019, 4, 23], [2019, 4, 24], [2019, 4, 25], [2019, 4, 26], [2019, 4, 27], [2019, 4, 28], [2019, 4, 29], [2019, 4, 30], [2019, 4, 31], [2019, 5, 1], [2019, 5, 2], [2019, 5, 3], [2019, 5, 4], [2019, 5, 5], [2019, 5, 6], [2019, 5, 7], [2019, 5, 8], [2019, 5, 9], [2019, 5, 10], [2019, 5, 11], [2019, 5, 12]], "rf_prediction": [1211.9361100000103, 1211.3995100000109, 1211.25943000001, 1211.11905000001, 1211.32415000001, 1211.8964700000088, 1212.230280000008, 1215.7351100000033, 1218.066450000011, 1213.1803200000084, 1212.9325600000086, 1208.5297300000077, 1206.2910300000074, 1205.1858300000094, 1202.4329100000098, 1201.3256500000066, 1201.3256500000066, 1201.3208500000069, 1201.3271000000068, 1192.7723200000064, 1197.4154599999972, 1203.558790000003, 1210.3870000000015, 1207.305220000001, 1207.1128600000004, 1203.404810000001, 1201.6915300000012, 1199.1966499999996, 1201.0741800000012, 1204.2744900000107, 1212.0875000000112], "accuracy": 98.89, "open": 1210.0, "close": 1217.87, "high": 1218.35, "low": 1208.11, "volatility": 66.81, "average": 1108.38, "positive": 17, "negative": 0}, {"stock_symb": "GOOGL", "stock_name": "Alphabet", "date_label": [[2019, 4, 13], [2019, 4, 14], [2019, 4, 15], [2019, 4, 16], [2019, 4, 17], [2019, 4, 18], [2019, 4, 19], [2019, 4, 20], [2019, 4, 21], [2019, 4, 22], [2019, 4, 23], [2019, 4, 24], [2019, 4, 25], [2019, 4, 26], [2019, 4, 27], [2019, 4, 28], [2019, 4, 29], [2019, 4, 30], [2019, 4, 31], [2019, 5, 1], [2019, 5, 2], [2019, 5, 3], [2019, 5, 4], [2019, 5, 5], [2019, 5, 6], [2019, 5, 7], [2019, 5, 8], [2019, 5, 9], [2019, 5, 10], [2019, 5, 11], [2019, 5, 12]], "rf_prediction": [1207.559209999994, 1207.3646099999937, 1207.2416799999937, 1207.2029399999938, 1207.2446599999937, 1207.7092399999933, 1208.599329999993, 1210.8024399999917, 1216.949899999993, 1210.5749399999954, 1210.5195799999954, 1207.9968299999955, 1203.2469099999955, 1200.0254899999964, 1200.0254899999964, 1195.8864899999987, 1196.8674499999959, 1196.823909999996, 1196.8336099999958, 1200.5499899999927, 1202.1639900000052, 1203.9089400000041, 1213.6140599999812, 1211.2232299999816, 1211.1289399999807, 1207.6382700000026, 1206.094580000002, 1204.0736499999816, 1205.4455399999777, 1207.458219999993, 1207.3539599999926], "accuracy": 98.7, "open": 1215.62, "close": 1222.73, "high": 1223.05, "low": 1213.29, "volatility": 67.38, "average": 1117.32, "positive": 17, "negative": 0}, {"stock_symb": "FB", "stock_name": "Facebook,", "date_label": [[2019, 4, 13], [2019, 4, 14], [2019, 4, 15], [2019, 4, 16], [2019, 4, 17], [2019, 4, 18], [2019, 4, 19], [2019, 4, 20], [2019, 4, 21], [2019, 4, 22], [2019, 4, 23], [2019, 4, 24], [2019, 4, 25], [2019, 4, 26], [2019, 4, 27], [2019, 4, 28], [2019, 4, 29], [2019, 4, 30], [2019, 4, 31], [2019, 5, 1], [2019, 5, 2], [2019, 5, 3], [2019, 5, 4], [2019, 5, 5], [2019, 5, 6], [2019, 5, 7], [2019, 5, 8], [2019, 5, 9], [2019, 5, 10], [2019, 5, 11], [2019, 5, 12]], "rf_prediction": [175.84964000000213, 173.41662000000196, 169.51715000000172, 169.3840600000017, 166.42989000000154, 165.9442100000019, 166.35515000000302, 168.35390000000217, 168.79899000000046, 168.8746600000006, 169.12888000000018, 169.7389999999995, 169.76524999999953, 170.16802999999874, 169.59163999999893, 169.20562999999996, 169.6548000000011, 169.6683300000011, 169.6681000000011, 172.18698000000143, 173.81498000000153, 174.48293000000078, 175.65091999999905, 175.89214, 176.14617000000024, 176.00984999999852, 176.47642999999854, 178.081159999999, 179.27461000000153, 179.3353300000014, 179.46715000000202], "accuracy": 98.33, "open": 178.0, "close": 179.1, "high": 179.63, "low": 177.95, "volatility": 18.09, "average": 170.35, "positive": 41, "negative": 6}, {"stock_symb": "INTC", "stock_name": "Intel",